,kor,eng,mat
덧셈,0.0,167.0,158.0
뺄셈,0.0,17.0,-6.0
곱셈,0.0,6900.0,6232.0
나눗셈,0.0,1.2266666666666666,0.926829268292683
